,,,,,,,,,,,,,,,,,,,,
,,,Rivian R2 Orders & Deliveries Tracker Form  <-- Link to submit your order info.                        ,,,,,,,,,,,,,,,,,
,,,"* After submitting order info, please post a reply in this thread to notify us.",,,,,,,,,,,,,,,,,
,,,Rivian R2 Orders & Deliveries Change Request Form  <-- Link to submit edit request for your submitted order info.,,,,,,,,,,,,,,,,,
,,,,,,,,,,,,,,,,,,,,
,#,Username,Original Reservation Date,R2 Order Date,VIN Assigned,Estimated Delivery Date / Window,Purchase or Lease?,Location,Trim,Launch Package,Color,Interior,Wheels,Autonomy+ Option Added,Tow Package Added,Compact Spare Tire Added,Are you a current Rivian R1 owner?,"If you are a current R1 owner, will you be keeping your R1 and adding an R2?","If you are a current R1 owner, which model?",Other vehicles currently owned
,1,cwoodjr1963,,6/9/2026,,10/20/26,Purchase,WA,Performance,Yes,Catalina Cove,Coastal Cloud Signature,20” Black Sand All-Terrain,Included,Included,Yes,Yes,No,R1S,"Toyota, Cadillac"
,2,Alfredo amaranto,3/7/2024,6/9/2026,,JUly,Purchase,Canada - British Columbia,Performance,Yes,Esker Silver,Black Crater Signature,21” Liquid Tungsten All-Season,Included,Included,Yes,Yes,No,R1T,none
,3,utcadman,3/7/2024,6/9/2026,X1435,July 10,Purchase,UT,Performance,Yes,Half Moon Grey,Black Crater Signature,20” Black Sand All-Terrain,Yes,Yes,No,Yes,Yes,R1S,
,4,Sojhinn,3/7/2024,6/9/2026,,4-8 weeks,Purchase,WA,Performance,Yes,Catalina Cove,Black Crater Signature,20” Black Sand All-Terrain,Included,Included,No,Yes,Yes,R1T,
,5,jtotheaizzay,3/7/2024,6/9/2026,,unknown,Purchase,TN,Performance,Yes,Launch Green,Black Crater Signature,21” Liquid Tungsten All-Season,Included,Included,No,Yes,No,R1S,
,6,Twallerich,6/30/2025,6/9/2026,,Unknown,Purchase,WA,Performance,Yes,Esker Silver,Coastal Cloud Signature,21” Liquid Tungsten All-Season,Included,Included,No,Yes,No,R1T,Tesla S100D
,7,jasonb1234,3/7/2024,6/9/2026,,Dont have one,Purchase,CA,Performance,Yes,Launch Green,Black Crater Signature,21” Liquid Tungsten All-Season,Included,Included,No,Yes,No,R1S,Ioniq 5
,8,rhuber,3/7/2024,6/9/2026,,unknown,Purchase,IL,Performance,Yes,Catalina Cove,Black Crater Signature,21” Liquid Tungsten All-Season,Included,Included,Yes,Yes,Yes,Both,"Model S plaid, ford lightning"
,9,beckshanem,12/18/2025,6/9/2026,,unknown,Lease,PA,Performance,Yes,Launch Green,Coastal Cloud Signature,21” Liquid Tungsten All-Season,Included,Included,Yes,No,,,"2024 Mazda CX-50, 2024 Tesla Model 3 Performance, 2002 Mercedes Benz SLK230, 2000 Saab 95 Aero"
,10,COHAP,3/7/2024,6/9/2026,,06-30-26,Purchase,CO,Performance,Yes,Half Moon Grey,Black Crater Signature,20” Black Sand All-Terrain,Included,Included,No,Yes,Yes,R1T,KIA EV9
,11,Yusuf the eternal soul,4/18/2026,6/9/2026,,08/2026,Purchase,TX,Performance,Yes,Esker Silver,Black Crater Signature,21” Liquid Tungsten All-Season,Included,Included,No,No,,,VW ID4
,12,Ron40,3/7/2024,6/9/2026,,unknown,Purchase,UT,Performance,Yes,Catalina Cove,Black Crater Signature,20” Black Sand All-Terrain,Yes,Yes,No,Yes,Undecided,R1S,honda accord
,13,Hodags,3/7/2024,3/7/2024,X1134,06302026,Lease,CO,Performance,Yes,Catalina Cove,Black Crater Signature,21” Liquid Tungsten All-Season,Included,Included,No,Yes,Yes,Both,"R1T G2 Tri, R1S G2 DS, Tesla MY, Mazda CX90 PHEV"
,14,chaynes745,3/7/2024,6/10/2026,,4-8 Weeks,Purchase,CO,Performance,Yes,Launch Green,Black Crater Signature,20” Black Sand All-Terrain,Included,Included,Yes,Yes,No,R1T,
,15,showmemo,3/7/2024,6/10/2026,00921,6/24/26,Purchase,MO,Performance,Yes,Launch Green,Black Crater Signature,21” Liquid Tungsten All-Season,Included,Included,No,Yes,Yes,R1T,"R1T, Tesla Model 3 Performance, 2000 BMW M Roadster"
,16,Manalishi,3/7/2024,6/11/2026,,Unknown,Purchase,IL,Performance,Yes,Catalina Cove,Black Crater Signature,21” Liquid Tungsten All-Season,Included,Included,No,Yes,Undecided,R1S,2021 Ford Mustang Mach-E First Edition 
,17,Tarizzolo,3/7/2024,6/11/2026,,4-8 weeks,Purchase,UT,Performance,Yes,Launch Green,Black Crater Signature,21” Liquid Tungsten All-Season,Included,Included,No,No,,,Tesla Model 3
,18,TheHoff,3/7/2024,6/11/2026,,Unknown,Purchase,WA,Performance,Yes,Glacier White,Black Crater Signature,20” Black Sand All-Terrain,Included,Included,Yes,Yes,Yes,R1S,
,19,SurfingIrish,3/7/2024,6/11/2026,,4-8 weeks,Lease,NJ,Performance,Yes,Catalina Cove,Black Crater Signature,21” Liquid Tungsten All-Season,Included,Included,No,Yes,No,R1T,Audi A5 & Jeep Wrangler
,20,Bar_Down,3/7/2024,6/30/2026,,August 2026,Purchase,DC - District of Columbia,Performance,Yes,Esker Silver,Coastal Cloud Signature,21” Liquid Tungsten All-Season,Yes,Yes,Yes,Yes,Yes,R1S,2023 R1S Quad Gen 1
,21,commanderSalamander,4/3/2024,6/11/2026,01480,"July 24, 2026",Purchase,OR,Performance,Yes,Glacier White,Black Crater Signature,20” Black Sand All-Terrain,Included,Included,No,No,,,2025 Honda Civic Hatchback
,22,Bpatrick14,4/7/2026,6/12/2026,,Unknown,Purchase,FL,Performance,Yes,Glacier White,Black Crater Signature,20” Black Sand All-Terrain,Included,Included,No,No,No,,Tesla model 3 performance 
,23,Rvn4Life,3/7/2024,6/11/2026,,4 - 8 weeks,Purchase,IL,Performance,Yes,Catalina Cove,Black Crater Signature,21” Liquid Tungsten All-Season,Included,Included,No,Yes,No,R1S,
,24,teddyang,3/7/2024,6/13/2026,01930,7/27/2026,Purchase,CA,Performance,Yes,Launch Green,Black Crater Signature,21” Liquid Tungsten All-Season,Included,Included,Yes,Yes,Yes,R1T,
,25,OptimusRivian,5/25/2026,5/25/2026,,Unknown,Purchase,PA,Performance,Yes,Launch Green,Black Crater Signature,21” Liquid Tungsten All-Season,Included,Included,No,No,,,Tesla Model 3 AWD
,26,Emacculant,3/7/2024,6/14/2026,,7-13-26/8-10-26,Purchase,CA,Performance,Yes,Catalina Cove,Black Crater Signature,21” Liquid Tungsten All-Season,Included,Included,Yes,Yes,Yes,R1S,21 Chevy equinox premier red line
,27,RivianPGH,3/15/2024,6/9/2026,,4-8 weeks,Purchase,PA,Performance,Yes,Launch Green,Black Crater Signature,21” Liquid Tungsten All-Season,Included,Included,No,Yes,No,R1S,
,28,CatcoR2,,5/15/2026,,None ,Purchase,CA,Performance,Yes,Catalina Cove,Black Crater Signature,21” Liquid Tungsten All-Season,Included,Included,No,No,,,
,29,RealWheels EV,3/7/2024,6/16/2026,,4-8 Weeks,Purchase,IL,Performance,Yes,Catalina Cove,Black Crater Signature,21” Liquid Tungsten All-Season,Included,Included,No,Yes,Yes,Both,
,30,Coney129,12/29/2025,6/16/2026,,4-6 weeks,Lease,PA,Performance,Yes,Launch Green,Black Crater Signature,20” Black Sand All-Terrain,Included,Included,No,Yes,No,R1S,
,31,staples,3/7/2024,6/16/2026,,August,Purchase,IL,Performance,Yes,Half Moon Grey,Coastal Cloud Signature,20” Black Sand All-Terrain,Included,Included,No,Yes,Yes,R1T,Tesla Model Y
,32,VegasWeezy,3/7/2024,6/16/2026,01619,7/17/2026,Purchase,NV,Performance,Yes,Half Moon Grey,Black Crater Signature,21” Liquid Tungsten All-Season,Included,Included,No,No,,,2022 Mach e
,33,Dark-Fx,3/7/2024,6/16/2026,X1423,6/29/26,Purchase,MI,Performance,Yes,Launch Green,Black Crater Signature,21” Liquid Tungsten All-Season,Included,Included,Yes,Yes,Yes,Both,"GMC Sierra EV, Livewire One"
,34,Crab,3/7/2024,6/16/2026,01643,6/29,Purchase,IL,Performance,Yes,Catalina Cove,Black Crater Signature,20” Black Sand All-Terrain,Included,Included,No,No,,,2024 Cadillac Lyriq 
,35,emroch,3/7/2024,6/16/2026,02468,4-8 weeks,Purchase,TX,Performance,Yes,Launch Green,Black Crater Signature,20” Black Sand All-Terrain,Included,Included,No,No,,,"Nissan Altima, Chevy Equinox"
,36,Honorz81,3/7/2024,6/10/2026,,N/A,Purchase,OR,Performance,Yes,Catalina Cove,Black Crater Signature,20” Black Sand All-Terrain,Included,Included,No,Yes,,Both,911S
,37,budman,3/7/2024,6/16/2026,X1588,6/29/26,Purchase,MN,Performance,Yes,Glacier White,Black Crater Signature,21” Liquid Tungsten All-Season,Included,Included,Yes,Yes,Yes,R1T,Volvo XC40 Recharge
,38,Pointful,3/7/2024,6/16/2026,,4-8 weeks,Purchase,AZ,Performance,Yes,Launch Green,Black Crater Signature,20” Black Sand All-Terrain,Included,Included,Yes,No,,,"Tesla Model 3, Hyundai Santa Cruz"
,39,fastwheels,3/7/2024,6/16/2026,X2186,unknown,Purchase,MI,Performance,Yes,Catalina Cove,Black Crater Signature,21” Liquid Tungsten All-Season,Included,Included,Yes,Yes,No,R1T,"Cadillac Optiq, Corvette Z06"
,40,ksnyd72,3/7/2024,6/16/2026,,NA,Purchase,MN,Performance,Yes,Catalina Cove,Black Crater Signature,20” Black Sand All-Terrain,Included,Included,No,No,,,Bolt EUV
,41,DaveA,3/7/2024,6/16/2026,,4-8 Weeks,Purchase,TX,Performance,Yes,Catalina Cove,Black Crater Signature,21” Liquid Tungsten All-Season,Included,Included,Yes,Yes,Undecided,R1T,
,42,crunchysue,9/2/2024,6/16/2026,,6-8 weeks,Purchase,OR,Performance,Yes,Catalina Cove,Black Crater Signature,20” Black Sand All-Terrain,Included,Included,No,Yes,No,R1S,2003 4Runner
,43,solidbrix,3/13/2026,6/16/2026,,4-8 Weeks,Purchase,VA,Performance,Yes,Launch Green,Black Crater Signature,20” Black Sand All-Terrain,Included,Included,Yes,No,No,,Toyota Land Cruiser
,44,R1TCA,3/7/2024,6/16/2026,,4-8wks,Purchase,CA,Performance,Yes,Midnight,Black Crater Signature,21” Liquid Tungsten All-Season,Included,Included,No,Yes,Yes,R1T,Also leasing an r1t we will sell 3rd party
,45,windblowlc,3/7/2024,6/16/2026,,unknown,Purchase,WV,Performance,Yes,Launch Green,Coastal Cloud Signature,21” Liquid Tungsten All-Season,Included,Included,No,Yes,Yes,R1S,"Porsche 911 Turbo S, Porsche Cayenne Turbo Coupe"
,46,Kurtlikevonnegut,3/7/2024,6/16/2026,,6 weeks,Purchase,SC,Performance,Yes,Launch Green,Black Crater Signature,20” Black Sand All-Terrain,Included,Included,No,Yes,No,R1S,
,47,bentsauce,3/7/2024,6/16/2026,02579,08/01/2026,Purchase,WA,Performance,Yes,Catalina Cove,Black Crater Signature,21” Liquid Tungsten All-Season,Included,Included,No,Yes,Yes,R1S,Subaru Outback
,48,derekmw,2/18/2025,6/16/2026,,07/14/2026,Purchase,CA,Performance,Yes,Launch Green,Black Crater Signature,20” Black Sand All-Terrain,Included,Included,No,Yes,Yes,R1T,Tesla Model 3
,49,jabbahop,3/7/2024,6/16/2026,01364,"July 11, 2026",Purchase,VT,Performance,Yes,Half Moon Grey,Black Crater Signature,21” Liquid Tungsten All-Season,Included,Included,No,Yes,No,R1S,bmw i3
,50,cthelan,3/7/2024,6/16/2026,02158,"Aug 7, 2026",Purchase,OR,Performance,Yes,Catalina Cove,Black Crater Signature,20” Black Sand All-Terrain,Included,Included,Yes,Yes,Yes,Both,
,51,crp6789,3/7/2024,6/16/2026,,4-8 weeks,Purchase,RI,Performance,Yes,Launch Green,Black Crater Signature,20” Black Sand All-Terrain,Included,Included,No,Yes,No,R1S,2019 VW Alltrack
,52,NCSWA,3/18/2024,6/16/2026,01330,July 11th-17th,Purchase,NC,Performance,Yes,Glacier White,Black Crater Signature,21” Liquid Tungsten All-Season,Included,Included,No,Yes,No,R1T,"BMW X5, Jeep Wrangler Rubicon"
,53,Getrandom,3/7/2024,6/16/2026,02315,7/30/2026,Purchase,TX,Performance,Yes,Catalina Cove,Black Crater Signature,20” Black Sand All-Terrain,Included,Included,Yes,Yes,No,R1S,"F-150, Lexus RX"
,54,Wohly,3/7/2024,6/16/2026,01883,4-8 Weeks,Purchase,WA,Performance,Yes,Launch Green,Black Crater Signature,20” Black Sand All-Terrain,Included,Included,No,Yes,Yes,R1T,Lucid Air
,55,redditnewb92,3/16/2026,6/10/2026,01192,"July 11, 2026",Purchase,TX,Performance,Yes,Launch Green,Black Crater Signature,21” Liquid Tungsten All-Season,Included,Included,No,No,,,Ford Mach-E
,56,Eddiec29,3/7/2024,6/16/2026,,4-8 Weeks,Purchase,CA,Performance,Yes,Catalina Cove,Black Crater Signature,21” Liquid Tungsten All-Season,Included,Included,No,Yes,No,R1S,Tesla model y
,57,TheLTrain,3/29/2025,6/17/2026,X1421,Not provided,Purchase,CA,Performance,Yes,Catalina Cove,Black Crater Signature,21” Liquid Tungsten All-Season,Included,Included,No,Yes,Yes,R1T,
,58,andisimose,3/7/2024,6/16/2026,,4-6 Weeks,Purchase,NC,Performance,Yes,Catalina Cove,Black Crater Signature,21” Liquid Tungsten All-Season,Included,Included,No,Yes,Yes,R1S,
,59,BPMCC503,3/8/2024,6/17/2026,X1422,7/10/26,Purchase,PA,Performance,Yes,Half Moon Grey,Black Crater Signature,21” Liquid Tungsten All-Season,Included,Included,Yes,No,,,
,60,oliv3f,3/7/2024,6/17/2026,,4-8 weeks,Purchase,OH,Performance,Yes,Catalina Cove,Black Crater Signature,21” Liquid Tungsten All-Season,Included,Included,No,Yes,Yes,R1S,Lease Ending on Chevy Equinox EV
,61,California Gold,3/7/2024,6/17/2026,02117,07/20/2026,Purchase,CA,Performance,Yes,Catalina Cove,Black Crater Signature,21” Liquid Tungsten All-Season,Included,Included,No,No,,,"Lucid Gravity, Lucid Air, Tesla Model 3"
,62,Eric9610,3/7/2024,6/16/2026,,Unknown,Purchase,CA,Performance,Yes,Launch Green,Black Crater Signature,21” Liquid Tungsten All-Season,Included,Included,No,Yes,Undecided,R1T,
,63,Revin,3/7/2024,6/16/2026,,4-8 weeks,Purchase,VT,Performance,Yes,Catalina Cove,Black Crater Signature,20” Black Sand All-Terrain,Included,Included,Yes,Yes,Yes,R1T,"2022 R1T, 2015 335i, 2020 Forester"
,64,Ajax,3/14/2024,6/16/2026,,2-8 weeks,Lease,VA,Performance,Yes,Catalina Cove,Black Crater Signature,21” Liquid Tungsten All-Season,Included,Included,No,Yes,No,R1S,21 mustang mach-e
,65,OhioR1T,3/7/2024,6/17/2026,01543,6/30/2026,Purchase,OH,Performance,Yes,Glacier White,Black Crater Signature,20” Black Sand All-Terrain,Included,Included,No,Yes,Yes,R1T,BMW X7
,66,jtm1631,3/7/2024,6/17/2026,X2517,Not Provided,Purchase,CO,Performance,Yes,Catalina Cove,Black Crater Signature,20” Black Sand All-Terrain,Included,Included,No,No,,,Land Rover Defender and Lexus RX500H
,67,dduffey,3/7/2024,6/17/2026,00738,2-4 weeks,Purchase,TX,Performance,Yes,Catalina Cove,Black Crater Signature,21” Liquid Tungsten All-Season,Included,Included,Yes,Yes,Yes,R1T,
,68,TMc26,3/7/2024,6/17/2026,,4-8 Weeks,Purchase,NY,Performance,Yes,Launch Green,Black Crater Signature,20” Black Sand All-Terrain,Included,Included,No,Yes,No,R1S,2023 Tesla Model Y Performance
,69,Ti3vom,3/7/2024,6/17/2026,,4-8 Weeks,Purchase,PA,Performance,Yes,Catalina Cove,Black Crater Signature,21” Liquid Tungsten All-Season,Included,Included,No,Yes,Yes,R1S,
,70,jeremys,3/7/2024,6/16/2026,,4-8 weeks,Lease,NY,Performance,Yes,Launch Green,Black Crater Signature,21” Liquid Tungsten All-Season,Included,Included,No,Yes,Yes,R1S,"Model X, Model Y, 911. On my second R1S :)"
,71,GraniteWatt,3/7/2024,6/17/2026,,8-12 Weeks,Purchase,CA,Performance,Yes,Esker Silver,Black Crater Signature,21” Liquid Tungsten All-Season,Included,Included,No,No,No,,Mercedes EQB
,72,KCP,5/31/2026,6/17/2026,01888,4-8 weeks,Purchase,DE,Performance,Yes,Launch Green,Black Crater Signature,21” Liquid Tungsten All-Season,Included,Included,No,No,,,Kia EV9
,73,ahan92,3/7/2024,6/17/2026,01010,7/14/2026,Purchase,MA,Performance,Yes,Catalina Cove,Black Crater Signature,20” Black Sand All-Terrain,Included,Included,No,Yes,No,R1T,"‘15 Toyota Tacoma, ‘21 Subaru Outback"
,74,aak7268,2/19/2026,6/17/2026,,2-6 weeks,Purchase,FL,Performance,Yes,Half Moon Grey,Black Crater Signature,21” Liquid Tungsten All-Season,Yes,Yes,No,No,,,Bolt EUV
,75,RivianTrackr,3/7/2024,6/16/2026,,2-4 weeks,Purchase,FL,Performance,Yes,Launch Green,Black Crater Signature,20” Black Sand All-Terrain,Included,Included,No,Yes,Yes,Both,
,76,tigabalm,9/4/2024,6/17/2026,X1700,4 - 8 weeks,Purchase,WA,Performance,Yes,Glacier White,Black Crater Signature,21” Liquid Tungsten All-Season,Included,Included,No,No,,,Audi e tron
,77,Super_Dave,3/7/2024,6/17/2026,,4-8 weeks,Purchase,AZ,Performance,Yes,Half Moon Grey,Black Crater Signature,21” Liquid Tungsten All-Season,Included,Included,No,Yes,Yes,R1S,"Kia Sportage, Pontiac Firebird, Chevrolet Camaro, "
,78,jspalyl,3/7/2024,6/17/2026,,4-8 weeks,Purchase,MD,Performance,Yes,Catalina Cove,Black Crater Signature,20” Black Sand All-Terrain,Yes,Yes,No,Yes,No,R1T,
,79,SANZC02,3/7/2024,6/17/2026,01915,7/19/2026,Purchase,CA,Performance,Yes,Glacier White,Black Crater Signature,21” Liquid Tungsten All-Season,Included,Included,Yes,Yes,Yes,R1S,Tesla Model S
,80,Huta,3/7/2024,6/16/2026,01529,"July 8, 2026",Purchase,MO,Performance,Yes,Catalina Cove,Black Crater Signature,20” Black Sand All-Terrain,Included,Included,No,Yes,Yes,Both,
,81,PracticalRivian,3/7/2024,6/16/2026,,4-6 weeks,Purchase,SC,Performance,Yes,Launch Green,Black Crater Signature,20” Black Sand All-Terrain,Included,Included,No,Yes,Yes,R1T,
,82,RIVIANITUS,3/7/2024,6/16/2026,,4-8 weeks,Purchase,CA,Performance,Yes,Catalina Cove,Black Crater Signature,21” Liquid Tungsten All-Season,Included,Included,No,No,,,
,83,andymoog,3/7/2024,6/16/2026,01474,4-8 weeks,Purchase,CA,Performance,Yes,Half Moon Grey,Black Crater Signature,20” Black Sand All-Terrain,Included,Included,No,No,,,
,84,Nils33919,3/7/2024,6/9/2026,XX876,none,Purchase,FL,Performance,Yes,Half Moon Grey,Black Crater Signature,21” Liquid Tungsten All-Season,Included,Included,Yes,Yes,No,R1S,Aston Martin Vantage
,85,R1Truck,3/7/2024,6/18/2026,,4-8 Weeks,Purchase,TX,Performance,Yes,Launch Green,Black Crater Signature,20” Black Sand All-Terrain,Included,Included,Yes,Yes,Undecided,R1T,
,86,chrisc_al,7/12/2024,6/17/2026,,4-8 weeks,Lease,AL,Performance,Yes,Catalina Cove,Black Crater Signature,21” Liquid Tungsten All-Season,Included,Included,No,No,,,Tesla Model Y 2024 & 2026
,87,CWQ93R,3/7/2024,6/17/2026,02100,4-8 Weeks,Purchase,CA,Performance,Yes,Catalina Cove,Black Crater Signature,21” Liquid Tungsten All-Season,Included,Included,No,No,,,
,88,Ok-Opposite1743,3/7/2024,6/17/2026,X1516,Demo this Saturday no delivery date yet vehicle going thru final quality control,Purchase,CA,Performance,Yes,Launch Green,Black Crater Signature,20” Black Sand All-Terrain,Included,Included,No,No,No,,Volvo C40 lease returned 6/3/26.  Audi q4 
,89,Bonedaddy,3/7/2024,6/17/2026,01665,7/17/26,Purchase,NC,Performance,Yes,Glacier White,Black Crater Signature,20” Black Sand All-Terrain,Included,Included,Yes,Yes,Yes,R1T,Tesla model 3
,90,Cthomp88,3/7/2024,6/16/2026,,June 30-July 28,Lease,GA,Performance,Yes,Launch Green,Black Crater Signature,21” Liquid Tungsten All-Season,Included,Included,No,Yes,Yes,R1T,
,91,-0—0-R2,6/8/2026,6/17/2026,02820,4-8 Weeks,Purchase,TX,Performance,Yes,Midnight,Black Crater Signature,21” Liquid Tungsten All-Season,Included,Included,No,No,No,,Toyota RAV4 Hybrid XSE / Honda CRV Hybrid Sport Touring  
,92,Chewie904,3/7/2024,6/20/2026,XXXX0,0,Purchase,NY,Performance,Yes,Catalina Cove,Black Crater Signature,20” Black Sand All-Terrain,Included,Included,No,Yes,Yes,R1S,"2000 Jeep XJ, 2002 Jeep TJ, 1958 Willys Pickup, 1979 International Scout II"
,93,Wbreza,3/7/2024,6/17/2026,01471,07/18/2026,Purchase,WA,Performance,Yes,Midnight,Black Crater Signature,20” Black Sand All-Terrain,Included,Included,No,Yes,Yes,R1S,
,94,acoll78,3/7/2024,6/16/2026,00766,23JUN2026,Purchase,VA,Performance,Yes,Catalina Cove,Black Crater Signature,21” Liquid Tungsten All-Season,Included,Included,No,No,,,Tesla M3
,95,bidask,12/22/2024,6/15/2026,,6-8 wks,Purchase,HI,Performance,Yes,Catalina Cove,Black Crater Signature,21” Liquid Tungsten All-Season,Included,Included,No,No,,,Tesla Model Y
,96,JediKnight,3/7/2024,6/21/2026,,4 - 8 weeks,Purchase,CA,Performance,Yes,Catalina Cove,Black Crater Signature,21” Liquid Tungsten All-Season,Included,Included,No,Yes,No,R1S,BMW iX
,97,f0xcr4n3,4/12/2025,6/18/2026,02098,7/23/2026,Purchase,ID,Performance,Yes,Catalina Cove,Black Crater Signature,21” Liquid Tungsten All-Season,Included,Included,No,No,,,2024 Chevy Equinox EV - Leased
,98,EvoKnvl,3/7/2024,6/16/2026,,unknown,Purchase,CA,Performance,Yes,Launch Green,Black Crater Signature,20” Black Sand All-Terrain,Included,Included,No,No,,,"BMW 1M, Ioniq 5N, Tesla Model Y"
,99,VeilanceSL,3/7/2024,6/17/2026,,4-8weeks,Purchase,CA,Performance,Yes,Launch Green,Black Crater Signature,20” Black Sand All-Terrain,Included,Included,No,No,,,2023 Tesla MYP
,100,NitroNick,3/7/2024,6/19/2026,,4-8 weeks,Purchase,CO,Performance,Yes,Catalina Cove,Black Crater Signature,20” Black Sand All-Terrain,Included,Included,Yes,Yes,No,R1T,
,101,donguanella,3/7/2024,6/16/2026,01627,"July 15, 2026",Purchase,CA,Performance,Yes,Half Moon Grey,Black Crater Signature,21” Liquid Tungsten All-Season,Yes,Yes,No,Yes,Yes,Both,
,102,TXKidd,3/7/2024,6/22/2026,,4-8 Weeks,Purchase,CO,Performance,Yes,Launch Green,Black Crater Signature,20” Black Sand All-Terrain,Included,Included,No,Yes,No,R1T,Toyota Highlander Hybrid
,103,ragemule,4/2/2024,6/17/2026,01459,6/30,Lease,MS,Performance,Yes,Half Moon Grey,Black Crater Signature,21” Liquid Tungsten All-Season,Included,Included,Yes,No,,,model 3
,104,Rwilson06,2/11/2026,6/17/2026,X1273,6/26/26,Purchase,FL,Performance,Yes,Glacier White,Black Crater Signature,21” Liquid Tungsten All-Season,Yes,Yes,No,No,,,Tesla Model Y
,105,ealberton,5/7/2024,6/15/2026,01551,July 24 2026,Purchase,OR,Performance,Yes,Half Moon Grey,Black Crater Signature,21” Liquid Tungsten All-Season,Included,Included,No,Yes,No,R1S,
,106,R1Thrilled,3/7/2024,6/16/2026,01477,7/10/2026,Purchase,TN,Performance,Yes,Launch Green,Black Crater Signature,20” Black Sand All-Terrain,Included,Included,No,Yes,No,R1T,2023 Model Y LR AWD
,107,jholshev,1/5/2025,6/17/2026,,2-6 weeks...,Purchase,TX,Performance,Yes,Esker Silver,Black Crater Signature,21” Liquid Tungsten All-Season,Included,Included,No,No,,,"Tesla, Audi"
,108,KLB185,3/7/2024,6/16/2026,01573,6/30/26,Purchase,PA,Performance,Yes,Half Moon Grey,Black Crater Signature,21” Liquid Tungsten All-Season,Included,Included,No,Yes,No,R1S,
,109,mclark2112,3/7/2024,6/24/2026,,4-8 weeks,Purchase,NJ,Performance,Yes,Launch Green,Black Crater Signature,20” Black Sand All-Terrain,Included,Included,No,No,,R1S,BMW i4 and X5
,110,DMARTIN,5/7/2024,6/23/2026,02073,7/20/26,Purchase,CA,Performance,Yes,Glacier White,Black Crater Signature,21” Liquid Tungsten All-Season,Included,Included,No,Yes,Yes,Both,Sierra EV
,111,CaliR2,4/28/2026,6/17/2026,,None given yet,Lease,CA,Performance,Yes,Launch Green,Black Crater Signature,21” Liquid Tungsten All-Season,Included,Included,No,No,,,
,112,Bobby Brainman,9/20/2025,6/20/2026,01857,TBD,Purchase,MA,Performance,Yes,Half Moon Grey,Black Crater Signature,20” Black Sand All-Terrain,Included,Included,Yes,No,,,
,113,lmr,3/7/2024,6/21/2026,,8-12 weeks,Purchase,OR,Performance,Yes,Esker Silver,Black Crater Signature,20” Black Sand All-Terrain,Included,Included,Yes,Yes,No,R1S,
,114,Tempest,3/7/2024,6/24/2026,02125,7/21/26,Purchase,CA,Performance,Yes,Half Moon Grey,Black Crater Signature,20” Black Sand All-Terrain,Yes,Included,Yes,No,,,MY
,115,AZMeister,7/10/2025,6/16/2026,02682,TBD,Purchase,AZ,Performance,Yes,Catalina Cove,Black Crater Signature,21” Liquid Tungsten All-Season,Included,Included,Yes,Yes,No,R1S,
,116,bravozulu,3/12/2024,6/12/2024,,8-12 weeks (Aug-Sep),Purchase,NV,Performance,Yes,Esker Silver,Black Crater Signature,21” Liquid Tungsten All-Season,Yes,Yes,No,No,,,Tesla Model Y
,117,RoadTripTime,3/11/2024,6/17/2026,,4-8 Weeks,Purchase,WA,Performance,Yes,Launch Green,Black Crater Signature,20” Black Sand All-Terrain,Included,Included,No,No,,,Toyota 4Runner
,118,PlugAndPlay,5/3/2026,6/23/2026,01919,June 29-30,Purchase,MO,Performance,Yes,Half Moon Grey,Black Crater Signature,21” Liquid Tungsten All-Season,Included,Included,No,No,,,"2023 Honda Pilot, 2022 Mercedes Sprinter"
,119,Redmond Chad,3/7/2024,6/25/2026,,8-12 weeks,Purchase,WA,Performance,Yes,Esker Silver,Black Crater Signature,21” Liquid Tungsten All-Season,Included,Included,No,Yes,No,R1S,Tesla X; Brightdrop 600
,120,Dustymonkey,3/7/2024,6/18/2026,,4-12 weeks,Purchase,WI,Performance,Yes,Esker Silver,Black Crater Signature,20” Black Sand All-Terrain,Included,Included,No,No,,,Tesla model 3
,121,Ddowns2050,3/7/2024,6/16/2026,00802,06/30/2026,Purchase,MO,Performance,Yes,Half Moon Grey,Black Crater Signature,21” Liquid Tungsten All-Season,Included,Included,No,Yes,Yes,Both,Tesla model S   C8 corvette HTC
,122,Timbuk2000,3/7/2024,6/16/2026,01003,7/10/26,Purchase,AZ,Performance,Yes,Catalina Cove,Black Crater Signature,20” Black Sand All-Terrain,Yes,Yes,No,Yes,Yes,R1S,Prius V
,123,SP_LimitReviews,3/7/2024,6/16/2026,01021,2 to 4 weeks,Purchase,FL,Performance,Yes,Catalina Cove,Black Crater Signature,20” Black Sand All-Terrain,Included,Included,No,Yes,No,Both,Leased 
,124,JT7,3/24/2024,6/24/2026,01667,07/24/2026,Purchase,AZ,Performance,Yes,Glacier White,Black Crater Signature,20” Black Sand All-Terrain,Included,Included,No,No,,,Mazda CX-5
,125,znw,3/7/2024,6/16/2026,,4-8 weeks,Purchase,UT,Performance,Yes,Esker Silver,Black Crater Signature,21” Liquid Tungsten All-Season,Included,Included,No,No,,,Nissan Ariya
,126,EV_DAN,3/27/2024,6/28/2026,,8 to 12 weeks,Purchase,AZ,Performance,Yes,Esker Silver,Black Crater Signature,20” Black Sand All-Terrain,Included,Included,Yes,No,,,"2024 Tesla Model 3, 2012 Nissan Xterra"
,127,Jacen2y,11/20/2024,6/21/2026,02206,7/23/26,Purchase,CA,Performance,Yes,Half Moon Grey,Black Crater Signature,21” Liquid Tungsten All-Season,Included,Included,No,No,,,"Tesla M3, Hyundai Ioniq 5"
,128,Timbuk2000,3/7/2024,6/16/2026,01003,7/10/26,Purchase,AZ,Performance,Yes,Catalina Cove,Black Crater Signature,20” Black Sand All-Terrain,Yes,Yes,No,Yes,Yes,R1S,Prius V
,129,acen,3/7/2024,6/17/2026,X2100,End of July,Purchase,CA,Performance,Yes,Catalina Cove,Black Crater Signature,21” Liquid Tungsten All-Season,Included,Included,Yes,Yes,Yes,R1T,
,130,ABFEVTX,2/14/2026,6/28/2026,,8-12 weeks (esker silver),Purchase,TX,Performance,Yes,Esker Silver,Black Crater Signature,20” Black Sand All-Terrain,Included,Included,No,No,,,"Model Y, Model 3"
,131,zmayer,3/7/2024,6/30/2026,,Not Given,Purchase,FL,Performance,Yes,Launch Green,Black Crater Signature,21” Liquid Tungsten All-Season,Included,Included,No,No,,,Ioniq 5 and Mercedes GLA
,132,Xyxyxy,3/12/2024,6/18/2026,01893,4-8 weeks,Lease,PA,Performance,Yes,Catalina Cove,Black Crater Signature,21” Liquid Tungsten All-Season,Included,Included,Yes,No,,,
,133,macgoober,3/7/2024,6/19/2026,01061,TBD,Purchase,AZ,Performance,Yes,Half Moon Grey,Black Crater Signature,21” Liquid Tungsten All-Season,Included,Included,No,No,,,Tesla Model Y
,134,benjer95,3/7/2023,6/30/2026,,4-8 weeks,Lease,IL,Performance,Yes,Catalina Cove,Black Crater Signature,21” Liquid Tungsten All-Season,Included,Included,No,No,,,Tesla Model Y Juniper and Polestar 3
,135,tintin007,3/7/2024,3/7/2024,,August - September,Purchase,CA,Premium,No,Half Moon Grey,Coastal Cloud Signature,20” Black Sand All-Terrain,Yes,No,No,No,,,
,136,tierneyalvin,3/7/2024,7/27/2026,01690,4-8 weeks,Purchase,CA,Performance,Yes,Catalina Cove,Black Crater Signature,21” Liquid Tungsten All-Season,Included,Included,No,No,,,Tesla Model Y Performance 
,137,exlegalalien,1/26/2026,6/30/2026,02300,N/A,Purchase,IL,Performance,Yes,Launch Green,Black Crater Signature,21” Liquid Tungsten All-Season,Included,Included,No,No,,,Hyundai Ioniq 5
,138,atticuspf,1/1/2025,6/30/2025,02257,7/25/2026,Lease,NC,Performance,Yes,Launch Green,Black Crater Signature,20” Black Sand All-Terrain,Included,Included,No,No,,,
,139,StefCT,3/7/2024,7/2/2026,,4-8 weeks,Purchase,CT,Performance,Yes,Catalina Cove,Black Crater Signature,21” Liquid Tungsten All-Season,Included,Included,No,Yes,No,R1S,"Porsche 911, Mercedes SL450, BMW i4"
,140,VMI9d3,3/14/2026,7/3/2026,,4-8 week,Purchase,MD,Performance,Yes,Catalina Cove,Black Crater Signature,20” Black Sand All-Terrain,Included,Included,No,No,,,EV6; Sportage PHEV
,141,Adagia,2/11/2026,7/3/2026,,4-8 Weeks,Purchase,WA,Performance,Yes,Catalina Cove,Black Crater Signature,20” Black Sand All-Terrain,Yes,Yes,No,No,,,"Mazda CX-5, Chevy Bolt"
,142,mcjohnson ,3/7/2024,6/17/2026,,In pre-production ,Purchase,MN,Performance,Yes,Esker Silver,Black Crater Signature,20” Black Sand All-Terrain,Included,Included,No,Yes,No,R1T,Honda Element 
,143,Mimijt,5/25/2026,6/16/2026,XX816,7/72026,Lease,OR,Performance,Yes,Glacier White,Black Crater Signature,21” Liquid Tungsten All-Season,Included,Included,No,No,,,
,144,javy06,3/7/2024,7/4/2026,01695,07/14/2026,Purchase,CA,Performance,Yes,Half Moon Grey,Black Crater Signature,21” Liquid Tungsten All-Season,Included,Included,No,No,,,
,145,R1v1^N,6/3/2026,7/7/2026,,4-8 Weeks,Purchase,TX,Performance,Yes,Launch Green,Black Crater Signature,21” Liquid Tungsten All-Season,Included,Included,No,No,,,"Tesla, Kia Niro"
,146,jwillebrand,3/27/2026,7/7/2026,,Waiting for coastal cloud release,Purchase,PA,Performance,Yes,Glacier White,Coastal Cloud Signature,20” Black Sand All-Terrain,Included,Included,No,No,,,"BMW iX, Hundai Santa Fe Hybrid"
,147,mclark2112,3/7/2024,6/24/2026,,4-8 weeks,Purchase,NJ,Performance,Yes,Launch Green,Black Crater Signature,20” Black Sand All-Terrain,Included,Included,No,No,,,"BMW i4, X5"
,148,sfjallan,1/29/2026,6/18/2026,01752,07/282026,Lease,CA,Performance,Yes,Half Moon Grey,Black Crater Signature,20” Black Sand All-Terrain,Included,Included,Yes,No,,,23 Audi A4 (lease expiring 7/17/26)
,149,Riv Raider,5/11/2026,11/1/2026,,Nov/Dec 2026,Purchase,NV,Performance,Yes,Esker Silver,Coastal Cloud Signature,20” Black Sand All-Terrain,Included,Included,No,No,,,"Tesla M3, Kia Stinger"
,150,DonkeyKong,3/7/2024,6/15/2026,,2 -6 Weeks,Purchase,MN,Performance,Yes,Launch Green,Black Crater Signature,20” Black Sand All-Terrain,Included,Included,No,Yes,No,R1S,
,151,SmorOfNaivir,3/7/2024,6/16/2026,02678,unknown,Purchase,FL,Performance,Yes,Catalina Cove,Black Crater Signature,21” Liquid Tungsten All-Season,Included,Included,No,Yes,No,R1T,
,152,banterability,3/7/2024,6/20/2026,,4-8 weeks,Purchase,IL,Performance,Yes,Catalina Cove,Black Crater Signature,21” Liquid Tungsten All-Season,Included,Included,No,No,,,BMW X1